n,acc_a,acc_b,ate_pp_obs,ci_low_pp,ci_high_pp,bootstrap_p_two_sided,bootstrap_p_one_sided_b_gt_a,mcnemar_p,a_only,b_only,comparison,arm_a,arm_b
120,0.5666666666666667,0.6166666666666667,5.000000000000004,-4.166666666666666,14.166666666666666,0.32884,0.16442,0.37708558747544885,13,19,openai_v1_vs_openai_v10,openai_v1,openai_v10
120,0.6666666666666666,0.65,-1.6666666666666607,-9.166666666666666,5.833333333333333,0.73504,0.71522,0.8238029479980469,11,9,claude_v1_vs_claude_v10,claude_v1,claude_v10
120,0.5666666666666667,0.6666666666666666,9.999999999999998,1.6666666666666667,18.333333333333332,0.02516,0.01258,0.03569813817739487,8,20,openai_v1_vs_claude_v1,openai_v1,claude_v1
120,0.6166666666666667,0.65,3.3333333333333326,-5.833333333333333,12.5,0.53264,0.26632,0.5966148958541453,14,18,openai_v10_vs_claude_v10,openai_v10,claude_v10
